#CREAR BASE DE DATOS Y CONFIGURAR MYSQL PARA USAR ESTA BASE
CREATE DATABASE ProyectoBases;
USE ProyectoBases;

#CREAR TABLA  DE EDIFICIOS
CREATE TABLE Edificio
(
    edificioId INT NOT NULL PRIMARY KEY AUTO_INCREMENT ,
    nombre VARCHAR(50) NOT NULL,
    rut_director varchar(20) NOT NULL,
    tipo VARCHAR(20) NOT NULL,
    complejidad VARCHAR(20) NOT NULL,
    comuna VARCHAR(50) NOT NULL,
    distrito VARCHAR(50) NOT NULL
);

#LLENAR EDIFICIO
INSERT INTO `Edificio` (`edificioId`,`nombre`,`rut_director`,`tipo`,`complejidad`,`comuna`,`distrito`) VALUES (1,"Elementum Dui Inc.","21.943.084-1","Posta","1","Pudahuel","Talagante"),(2,"Ligula Consectetuer Rhoncus Institute","34.065.975-9","SAPU","1","Macul","Santiago I"),(3,"Ultrices Duis Volutpat Corp.","25.523.613-K","Posta","1","La Cisterna","Maipo"),(4,"Fringilla Donec Feugiat Corp.","5.679.481-6","SAPU","1","La Granja","Santiago III"),(5,"Pretium Neque Company","22.914.247-K","CESFAM","1","Lo Barnechea","Chacabuco"),(6,"Placerat Eget Foundation","24.827.865-K","SAPU","1","Maipu","Santiago III"),(7,"Vel Consulting","11.150.215-3","SAPU","1","Pedro Aguirre Cerda","Maipo"),(8,"Quis Urna Associates","34.437.974-2","Consultorio","1","La Florida","Maipo"),(9,"Odio Vel Est Foundation","39.534.411-0","Consultorio","1","El Bosque","Santiago III"),(10,"Nunc Associates","18.543.257-2","Oncologico","3
","Nunoa","Cordillera");
INSERT INTO `Edificio` (`edificioId`,`nombre`,`rut_director`,`tipo`,`complejidad`,`comuna`,`distrito`) VALUES (11,"Velit Eu Associates","32.242.087-0","Dental","1","San Miguel","Santiago III"),(12,"Ullamcorper Eu Institute","35.466.478-K","CESFAM","1","Providencia","Santiago II"),(13,"Phasellus Corporation","12.218.863-9","General","2","Penalolen","Talagante"),(14,"Justo Consulting","19.168.923-2","Dental","1","Santiago","Maipo"),(15,"A Magna Lorem Institute","45.275.699-4","Dental","1","Conchali","Chacabuco"),(16,"Sed Eu Inc.","21.694.437-2","SAPU","1","Lo Prado","Santiago VI"),(17,"Venenatis Vel Faucibus Consulting","22.687.440-2","General","2","Lo Prado","Chacabuco"),(18,"Nulla At Corporation","25.412.862-7","CESFAM","1","Las Condes","Santiago VI"),(19,"Malesuada Ut Sem Corporation","45.127.103-2","General","2","San Joaquin","Santiago IV"),(20,"Est PC","14.004.695-7","SAPU","1","La Pintana","Santiago I");
INSERT INTO `Edificio` (`edificioId`,`nombre`,`rut_director`,`tipo`,`complejidad`,`comuna`,`distrito`) VALUES (21,"Sed LLC","26.509.696-4","CESFAM","1","La Granja","Santiago V"),(22,"Consequat Nec Mollis Limited","43.991.070-4","Posta","1","La Pintana","Chacabuco"),(23,"Sapien Associates","21.936.120-3","Posta","1","Penalolen","Santiago IV"),(24,"Dictum LLP","33.742.434-1","Oncologico","3
","Pedro Aguirre Cerda","Santiago VI"),(25,"Sit Amet Institute","39.301.405-9","CESFAM","1","San Ramon","Santiago VI"),(26,"Orci Institute","25.217.822-8","CESFAM","1","El Bosque","Maipo"),(27,"Nec Ante Associates","38.306.044-3","CESFAM","1","Macul","Santiago VI"),(28,"Aliquam LLP","10.804.798-4","SAPU","1","Nunoa","Santiago IV"),(29,"Per Conubia Nostra Associates","21.033.237-5","Consultorio","1","Cerrillos","Cordillera"),(30,"Tempor Augue Ac Company","31.959.395-0","Posta","1","Lo Espejo","Maipo");
INSERT INTO `Edificio` (`edificioId`,`nombre`,`rut_director`,`tipo`,`complejidad`,`comuna`,`distrito`) VALUES (31,"Mi Limited","26.831.027-4","SAPU","1","El Bosque","Chacabuco"),(32,"Mi Tempor Lorem Incorporated","5.011.736-7","SAPU","1","San Miguel","Santiago I"),(33,"Sed Corp.","43.312.107-4","Posta","1","Santiago","Santiago VI"),(34,"Ultricies Corp.","32.729.668-K","SAPU","1","Santiago","Santiago IV"),(35,"Gravida Company","49.120.140-1","Posta","1","Independencia","Maipo"),(36,"Luctus Foundation","22.485.221-5","SAPU","1","La Cisterna","Santiago VI"),(37,"Placerat Industries","23.964.495-3","Posta","1","Cerrillos","Santiago V"),(38,"Imperdiet Ullamcorper Duis Associates","22.990.910-K","SAPU","1","Lo Prado","Santiago V"),(39,"Non Vestibulum Nec Institute","13.742.661-7","Posta","1","Estacion Central","Santiago IV"),(40,"Ut Corporation","8.738.245-1","General","2","Conchali","Melipilla");
INSERT INTO `Edificio` (`edificioId`,`nombre`,`rut_director`,`tipo`,`complejidad`,`comuna`,`distrito`) VALUES (41,"Neque Pellentesque Massa Limited","27.398.966-8","Consultorio","1","Lo Prado","Maipo"),(42,"Egestas Duis Ac PC","8.041.766-7","CESFAM","1","Cerro Navia","Santiago IV"),(43,"Vivamus Sit Amet Industries","44.897.171-6","Posta","1","Vitacura","Santiago VI"),(44,"Est Foundation","39.026.778-9","Oncologico","3
","Lo Prado","Talagante"),(45,"Turpis Nulla Corp.","18.730.522-5","Dental","1","San Joaquin","Santiago II"),(46,"Malesuada Fames Ac Corp.","24.464.054-0","General","2","Quinta Normal","Chacabuco"),(47,"Eget LLP","8.072.032-7","Oncologico","3
","El Bosque","Chacabuco"),(48,"Et Libero Limited","50.956.391-8","General","2","Vitacura","Santiago IV"),(49,"Non Company","15.438.141-4","General","2","Recoleta","Cordillera"),(50,"Cras Industries","45.775.972-K","Dental","1","Recoleta","Cordillera");
INSERT INTO `Edificio` (`edificioId`,`nombre`,`rut_director`,`tipo`,`complejidad`,`comuna`,`distrito`) VALUES (51,"Sed Libero Proin PC","17.352.500-1","Consultorio","1","Providencia","Santiago II"),(52,"Nunc Sed Incorporated","15.095.653-6","Oncologico","3
","La Pintana","Talagante"),(53,"Eu Eros Nam Corporation","9.967.401-6","Posta","1","Pudahuel","Santiago III"),(54,"Aenean Massa Integer LLP","13.324.305-4","Oncologico","3
","Penalolen","Maipo"),(55,"Leo Associates","35.607.204-9","Oncologico","3
","Renca","Melipilla"),(56,"Lorem Auctor Company","21.326.830-9","CESFAM","1","Independencia","Maipo"),(57,"Donec Foundation","22.799.335-9","General","2","Independencia","Maipo"),(58,"Risus Quis Associates","27.503.002-3","Dental","1","Providencia","Santiago I"),(59,"Diam Limited","30.227.045-7","General","2","Renca","Santiago I"),(60,"In Corp.","33.610.662-1","Dental","1","Recoleta","Cordillera");
INSERT INTO `Edificio` (`edificioId`,`nombre`,`rut_director`,`tipo`,`complejidad`,`comuna`,`distrito`) VALUES (61,"Vulputate Dui Nec Ltd","38.545.893-2","CESFAM","1","Lo Prado","Santiago II"),(62,"Fusce Feugiat Incorporated","14.106.027-9","Consultorio","1","Recoleta","Talagante"),(63,"Mauris Nulla LLC","25.663.451-1","Consultorio","1","Pedro Aguirre Cerda","Santiago III"),(64,"Velit LLP","37.249.502-2","SAPU","1","Recoleta","Santiago I"),(65,"A Company","12.067.444-7","General","2","Macul","Cordillera"),(66,"Placerat Eget Corp.","19.358.681-3","CESFAM","1","Lo Barnechea","Talagante"),(67,"Litora Torquent Per Associates","31.475.928-1","Dental","1","Huechuraba","Cordillera"),(68,"Elit Institute","44.099.242-0","Consultorio","1","Pudahuel","Santiago I"),(69,"Rhoncus Company","9.527.734-9","Posta","1","Independencia","Santiago VI"),(70,"Eleifend Egestas Corp.","27.611.369-0","General","2","Cerro Navia","Santiago II");
INSERT INTO `Edificio` (`edificioId`,`nombre`,`rut_director`,`tipo`,`complejidad`,`comuna`,`distrito`) VALUES (71,"Ut Eros Non PC","50.661.291-8","Dental","1","La Reina","Talagante"),(72,"Nulla Dignissim Maecenas Consulting","32.413.928-1","Dental","1","San Joaquin","Santiago I"),(73,"Non Nisi Aenean Corporation","44.919.986-3","Dental","1","Vitacura","Santiago III"),(74,"Eu Metus LLC","24.054.645-0","Oncologico","3
","San Miguel","Talagante"),(75,"Parturient Montes Foundation","28.811.120-0","CESFAM","1","Santiago","Maipo"),(76,"Ullamcorper Nisl LLC","39.193.308-1","General","2","Santiago","Santiago V"),(77,"Ut Industries","9.837.465-5","SAPU","1","San Ramon","Santiago III"),(78,"Integer Corp.","19.181.057-0","CESFAM","1","La Reina","Santiago II"),(79,"Porttitor Scelerisque Neque PC","17.988.291-4","Consultorio","1","Renca","Santiago VI"),(80,"Sed LLC","9.412.523-5","Posta","1","Renca","Melipilla");
INSERT INTO `Edificio` (`edificioId`,`nombre`,`rut_director`,`tipo`,`complejidad`,`comuna`,`distrito`) VALUES (81,"Sodales Consulting","44.161.882-4","Consultorio","1","Nunoa","Santiago II"),(82,"At Velit PC","20.226.623-1","Posta","1","Lo Barnechea","Santiago V"),(83,"Quis Accumsan Consulting","6.438.652-2","CESFAM","1","Macul","Chacabuco"),(84,"Est Tempor Associates","50.635.889-2","CESFAM","1","Pedro Aguirre Cerda","Santiago IV"),(85,"Nunc Mauris Morbi Limited","37.880.884-7","Dental","1","Nunoa","Chacabuco"),(86,"Etiam Imperdiet Dictum LLP","19.622.467-K","Consultorio","1","Macul","Melipilla"),(87,"Suspendisse Non Inc.","45.594.682-4","Consultorio","1","Macul","Santiago II"),(88,"Nisi Aenean Eget Consulting","16.721.110-0","Dental","1","Cerrillos","Santiago IV"),(89,"Ut Lacus Institute","38.780.131-6","Oncologico","3
","Huechuraba","Santiago III"),(90,"Metus Aenean Foundation","26.269.259-0","Posta","1","Providencia","Santiago IV");
INSERT INTO `Edificio` (`edificioId`,`nombre`,`rut_director`,`tipo`,`complejidad`,`comuna`,`distrito`) VALUES (91,"Aliquet Vel Corp.","45.324.450-4","Posta","1","San Joaquin","Santiago II"),(92,"Odio Institute","9.530.520-2","Posta","1","El Bosque","Santiago II"),(93,"Egestas Corp.","34.381.276-0","General","2","La Pintana","Cordillera"),(94,"Nulla Tincidunt Neque Industries","15.885.910-6","General","2","Penalolen","Santiago II"),(95,"Nec LLP","41.871.315-1","Oncologico","3
","Quinta Normal","Santiago VI"),(96,"Fringilla Cursus Ltd","44.883.764-5","SAPU","1","La Granja","Maipo"),(97,"Cursus In Hendrerit LLC","36.339.784-0","Dental","1","Macul","Melipilla"),(98,"Sit Amet Institute","19.523.064-1","SAPU","1","Pedro Aguirre Cerda","Santiago III"),(99,"Diam Vel Arcu Corp.","23.451.138-6","SAPU","1","Estacion Central","Chacabuco"),(100,"Ligula Industries","49.862.358-1","CESFAM","1","Pudahuel","Santiago III");

#CREAR TABLA DE PACIENTES
CREATE TABLE Paciente
(
    id int not null Primary key auto_increment,
    rut varchar(20) NOT NULL ,
    nombre VARCHAR(50) NOT NULL,
    sistema VARCHAR(20) NOT NULL,
    comuna VARCHAR(50) NOT NULL,
    distrito VARCHAR(50) NOT NULL
);

#LLENAR PACIENTES
INSERT INTO `Paciente` (`rut`,`nombre`,`sistema`,`comuna`,`distrito`) VALUES ("9.550.342-K","Naida Jacobs","ISAPRE","La Florida","Santiago V"),("17.645.038-K","Ann Abbott","FONASA","Recoleta","Santiago II"),("21.823.597-2","Hamilton Perez","FONASA","La Granja","Santiago V"),("44.552.824-2","Garrett Green","ISAPRE","La Pintana","Santiago VI"),("9.482.829-5","Kiayada Porter","ISAPRE","Las Condes","Santiago IV"),("49.450.139-2","Lynn Shannon","ISAPRE","La Granja","Santiago V"),("18.717.870-3","Lisandra Warren","FONASA","La Cisterna","Santiago VI"),("13.822.979-3","Zephr Martinez","ISAPRE","Conchali","Santiago I"),("22.293.898-8","Emma Salazar","FONASA","La Cisterna","Santiago VI"),("27.012.221-3","Macy Robinson","FONASA","Estacion Central"," Santiago III");
INSERT INTO `Paciente` (`rut`,`nombre`,`sistema`,`comuna`,`distrito`) VALUES ("5.132.661-K","Xandra Collins","FONASA","El Bosque","Santiago VI"),("25.051.259-7","Kimberly Langley","ISAPRE","La Pintana","Santiago VI"),("9.736.399-4","Bruno Hale","ISAPRE","Conchali","Santiago I"),("20.764.114-6","Abbot Petty","FONASA","Santiago","Santiago II"),("25.521.740-2","Indigo Bray","ISAPRE","San Miguel","Santiago VI"),("44.449.585-5","Teagan Decker","ISAPRE","Santiago","Santiago II"),("43.007.788-0","Gillian Calhoun","ISAPRE","Cerro Navia","Santiago II"),("5.834.461-3","William Bradley","ISAPRE","San Miguel","Santiago VI"),("46.743.589-2","Harrison Holman","ISAPRE","Cerro Navia","Santiago II"),("41.806.088-3","Felix Lloyd","FONASA","Cerro Navia","Santiago II");
INSERT INTO `Paciente` (`rut`,`nombre`,`sistema`,`comuna`,`distrito`) VALUES ("40.535.615-5","Jerome Hudson","ISAPRE","Estacion Central"," Santiago III"),("16.475.709-9","Honorato Kramer","FONASA","Huechuraba","Santiago I"),("15.765.384-9","Latifah Middleton","ISAPRE","Quilicura","Santiago I"),("46.577.349-9","Zia Greene","ISAPRE","Providencia","Santiago IV"),("27.626.289-0","Sean Stewart","FONASA","El Bosque","Santiago VI"),("16.235.321-7","Hilel Parks","ISAPRE","Conchali","Santiago I"),("13.139.698-8","Kuame Christensen","ISAPRE","Las Condes","Santiago IV"),("30.778.810-1","Regina Calhoun","ISAPRE","Independencia","Santiago II"),("34.695.943-6","Castor Goodwin","FONASA","El Bosque","Santiago VI"),("28.750.604-K","Amanda Francis","ISAPRE","Independencia","Santiago II");
INSERT INTO `Paciente` (`rut`,`nombre`,`sistema`,`comuna`,`distrito`) VALUES ("22.995.355-9","Oprah Ward","ISAPRE","Macul","Santiago V"),("27.815.662-1","Donovan Bond","FONASA","La Pintana","Santiago VI"),("33.861.108-0","Nelle Clemons","FONASA","San Joaquin","Santiago V"),("37.795.045-3","Calista Keller","FONASA","La Cisterna","Santiago VI"),("43.199.316-3","Bianca Powers","FONASA","Cerrillos"," Santiago III"),("50.711.684-1","Kessie Wilkinson","ISAPRE","Lo Prado","Santiago II"),("17.509.658-2","Chandler Rivera","FONASA","La Reina","Santiago IV"),("17.411.828-0","Maxwell Gonzales","ISAPRE","San Ramon","Santiago VI"),("38.900.913-K","Bradley Tanner","ISAPRE","Las Condes","Santiago IV"),("38.020.653-6","Olivia Solomon","FONASA","La Granja","Santiago V");
INSERT INTO `Paciente` (`rut`,`nombre`,`sistema`,`comuna`,`distrito`) VALUES ("44.851.017-4","Yuri Stevens","FONASA","San Ramon","Santiago VI"),("38.200.045-5","Blair Alexander","FONASA","Las Condes","Santiago IV"),("30.450.143-K","Hedwig Hyde","ISAPRE","Cerrillos"," Santiago III"),("47.438.494-2","Roth Nielsen","FONASA","Quinta Normal","Santiago II"),("30.088.575-6","Tyrone Austin","ISAPRE","Pedro Aguirre Cerda","Santiago VI"),("28.672.647-K","Robin Bridges","ISAPRE","Macul","Santiago V"),("8.839.848-3","Kato Gates","FONASA","Penalolen","Santiago V"),("15.360.029-5","Todd Ramirez","ISAPRE","La Pintana","Santiago VI"),("17.730.245-7","Fredericka Watts","FONASA","La Reina","Santiago IV"),("20.795.666-K","Kyra Sherman","FONASA","Lo Prado","Santiago II");
INSERT INTO `Paciente` (`rut`,`nombre`,`sistema`,`comuna`,`distrito`) VALUES ("33.860.977-9","Clark Huffman","ISAPRE","San Joaquin","Santiago V"),("14.364.733-1","Alana Wise","ISAPRE","Quilicura","Santiago I"),("8.375.521-0","Arden Albert","FONASA","La Reina","Santiago IV"),("27.684.200-5","Desiree Mooney","ISAPRE","Renca","Santiago I"),("40.767.305-0","Jael Macias","FONASA","Las Condes","Santiago IV"),("6.010.467-0","Glenna Oneill","ISAPRE","Maipu"," Santiago III"),("45.901.473-K","Basia Washington","FONASA","San Miguel","Santiago VI"),("13.570.688-4","Vielka Winters","FONASA","Las Condes","Santiago IV"),("44.621.045-9","Cathleen Bryan","ISAPRE","Providencia","Santiago IV"),("26.137.285-1","India Gaines","ISAPRE","La Reina","Santiago IV");
INSERT INTO `Paciente` (`rut`,`nombre`,`sistema`,`comuna`,`distrito`) VALUES ("35.849.766-7","Grady Walters","FONASA","Independencia","Santiago II"),("25.365.699-9","Quinn Delaney","ISAPRE","Puente Alto","Cordillera"),("11.816.490-3","Eaton Fields","ISAPRE","Pudahuel","Santiago I"),("50.006.101-4","Yoshi Mueller","ISAPRE","Maipu"," Santiago III"),("40.585.992-0","Carolyn Reyes","ISAPRE","Recoleta","Santiago II"),("13.008.998-4","Cassidy Willis","ISAPRE","Pedro Aguirre Cerda","Santiago VI"),("7.934.449-4","Logan Cain","FONASA","Quilicura","Santiago I"),("25.988.319-9","Rahim Meadows","ISAPRE","Independencia","Santiago II"),("17.008.379-2","Megan Fowler","ISAPRE","Conchali","Santiago I"),("7.820.026-K","Tallulah Guzman","FONASA","Maipu"," Santiago III");
INSERT INTO `Paciente` (`rut`,`nombre`,`sistema`,`comuna`,`distrito`) VALUES ("10.731.964-6","Chester Bauer","ISAPRE","San Joaquin","Santiago V"),("32.170.869-2","Perry Wade","ISAPRE","La Granja","Santiago V"),("6.039.780-5","Jamalia Cochran","ISAPRE","San Ramon","Santiago VI"),("39.693.426-4","Emily Solomon","ISAPRE","Independencia","Santiago II"),("11.690.522-1","Julie English","ISAPRE","San Ramon","Santiago VI"),("32.412.362-8","Ferdinand Cooley","ISAPRE","Puente Alto","Cordillera"),("33.585.335-0","Lacota Webster","FONASA","Quinta Normal","Santiago II"),("20.088.769-7","Graham Baldwin","FONASA","Maipu"," Santiago III"),("45.030.011-K","Hayley Terrell","FONASA","Puente Alto","Cordillera"),("29.686.556-7","Haviva Carey","FONASA","Providencia","Santiago IV");
INSERT INTO `Paciente` (`rut`,`nombre`,`sistema`,`comuna`,`distrito`) VALUES ("25.995.592-0","Galena Small","FONASA","Penalolen","Santiago V"),("49.256.006-5","Serina Phillips","FONASA","Lo Espejo","Santiago VI"),("34.435.829-K","Dennis Lowery","FONASA","Macul","Santiago V"),("8.186.046-7","Shad Watkins","ISAPRE","Conchali","Santiago I"),("36.511.886-8","Hedley Campbell","FONASA","La Pintana","Santiago VI"),("38.728.120-7","Farrah Day","ISAPRE","Lo Barnechea","Santiago IV"),("43.482.512-1","Nyssa Weaver","FONASA","El Bosque","Santiago VI"),("44.695.577-2","Amaya Burke","ISAPRE","La Cisterna","Santiago VI"),("47.658.629-1","Lillith Franco","ISAPRE","Puente Alto","Cordillera"),("31.544.275-3","Katell Warren","FONASA","Recoleta","Santiago II");
INSERT INTO `Paciente` (`rut`,`nombre`,`sistema`,`comuna`,`distrito`) VALUES ("45.582.250-5","Roary Blevins","ISAPRE","La Reina","Santiago IV"),("41.412.055-5","Amethyst Jensen","FONASA","Pudahuel","Santiago I"),("47.469.295-7","Claire Randolph","ISAPRE","Huechuraba","Santiago I"),("18.551.112-K","Helen Clark","FONASA","Quilicura","Santiago I"),("10.482.243-6","Megan Mathews","ISAPRE","Penalolen","Santiago V"),("35.471.898-7","Kyle Curtis","FONASA","La Pintana","Santiago VI"),("28.762.944-3","Nora Hancock","ISAPRE","Lo Espejo","Santiago VI"),("26.487.057-7","Melanie Blevins","ISAPRE","Cerro Navia","Santiago II"),("19.428.809-3","Stella Cook","FONASA","Maipu"," Santiago III"),("27.428.413-7","Gloria Watkins","ISAPRE","Pudahuel","Santiago I");
INSERT INTO `Paciente` (`rut`,`nombre`,`sistema`,`comuna`,`distrito`) VALUES ("48.601.493-8","Veronica Guy","FONASA","La Granja","Santiago V"),("46.819.705-7","Rooney Hurst","ISAPRE","Cerro Navia","Santiago II"),("9.497.222-1","Mannix Short","FONASA","La Cisterna","Santiago VI"),("50.519.988-K","Roary Oneal","FONASA","San Joaquin","Santiago V"),("45.745.900-9","Jasper Pena","ISAPRE","Renca","Santiago I"),("32.059.932-6","Talon Nunez","FONASA","Lo Barnechea","Santiago IV"),("50.025.288-K","Katell Mcintosh","FONASA","Recoleta","Santiago II"),("9.208.243-1","Hadley Hutchinson","ISAPRE","Quinta Normal","Santiago II"),("48.140.574-2","Winifred Gregory","ISAPRE","Cerrillos"," Santiago III"),("27.803.803-3","Oliver Booth","ISAPRE","Macul","Santiago V");
INSERT INTO `Paciente` (`rut`,`nombre`,`sistema`,`comuna`,`distrito`) VALUES ("42.318.439-6","Cruz Melendez","ISAPRE","Recoleta","Santiago II"),("42.100.606-7","Cedric Miles","FONASA","San Ramon","Santiago VI"),("22.083.358-5","Colorado Franks","FONASA","La Reina","Santiago IV"),("37.898.569-2","Rashad Kirkland","ISAPRE","Maipu"," Santiago III"),("9.393.233-1","Arden Oneal","FONASA","Huechuraba","Santiago I"),("42.028.171-4","Hadley Wolfe","FONASA","Pudahuel","Santiago I"),("35.330.125-K","Davis Soto","FONASA","Recoleta","Santiago II"),("7.657.515-0","Clementine Thompson","FONASA","La Cisterna","Santiago VI"),("12.502.768-7","Jesse Gates","ISAPRE","La Pintana","Santiago VI"),("47.347.224-4","Quinn Gilbert","ISAPRE","Nunoa","Santiago IV");
INSERT INTO `Paciente` (`rut`,`nombre`,`sistema`,`comuna`,`distrito`) VALUES ("39.131.317-2","Jana Chen","FONASA","Recoleta","Santiago II"),("8.386.122-3","Ariana Molina","FONASA","La Cisterna","Santiago VI"),("42.796.191-5","Nichole Levine","ISAPRE","Lo Espejo","Santiago VI"),("24.203.918-1","Jane Spears","ISAPRE","Conchali","Santiago I"),("28.075.906-6","Hashim Burch","ISAPRE","El Bosque","Santiago VI"),("45.528.848-7","Ulysses Nichols","FONASA","Independencia","Santiago II"),("42.391.599-4","TaShya Goff","FONASA","La Florida","Santiago V"),("29.830.551-8","Shana Gomez","FONASA","Cerro Navia","Santiago II"),("43.228.795-5","Stewart Bruce","ISAPRE","Maipu"," Santiago III"),("39.023.137-7","Len Perez","FONASA","La Granja","Santiago V");
INSERT INTO `Paciente` (`rut`,`nombre`,`sistema`,`comuna`,`distrito`) VALUES ("5.115.355-3","Elijah Howell","FONASA","Las Condes","Santiago IV"),("50.301.273-1","Zena Cameron","FONASA","Cerro Navia","Santiago II"),("50.737.253-8","Guy Townsend","ISAPRE","San Joaquin","Santiago V"),("9.007.075-4","Rhonda Stone","ISAPRE","Estacion Central"," Santiago III"),("47.629.187-9","Donovan Le","ISAPRE","Macul","Santiago V"),("14.955.088-7","Neville Whitaker","FONASA","Huechuraba","Santiago I"),("27.120.910-K","Keegan Berg","FONASA","Recoleta","Santiago II"),("21.042.822-4","Mark Howard","ISAPRE","San Miguel","Santiago VI"),("15.181.737-8","Joan Clements","FONASA","Independencia","Santiago II"),("18.753.826-2","Mollie Duke","ISAPRE","La Reina","Santiago IV");
INSERT INTO `Paciente` (`rut`,`nombre`,`sistema`,`comuna`,`distrito`) VALUES ("13.788.932-3","Ila Harding","FONASA","Puente Alto","Cordillera"),("40.473.598-5","Desiree Lawson","ISAPRE","Lo Prado","Santiago II"),("30.349.798-6","Aristotle Albert","FONASA","Independencia","Santiago II"),("34.681.427-6","Justine Randall","FONASA","El Bosque","Santiago VI"),("45.548.329-8","Samson Torres","FONASA","La Reina","Santiago IV"),("8.287.454-2","Illana Henson","ISAPRE","Estacion Central"," Santiago III"),("19.974.741-K","Wayne Mendoza","FONASA","San Joaquin","Santiago V"),("11.674.893-2","Wayne Cohen","ISAPRE","Renca","Santiago I"),("19.194.727-4","Mary Fletcher","FONASA","El Bosque","Santiago VI"),("7.731.730-9","Price Battle","ISAPRE","Estacion Central"," Santiago III");
INSERT INTO `Paciente` (`rut`,`nombre`,`sistema`,`comuna`,`distrito`) VALUES ("14.430.661-9","Kaseem Dennis","ISAPRE","Nunoa","Santiago IV"),("47.136.273-5","Mona Mcintyre","ISAPRE","Lo Prado","Santiago II"),("44.216.409-6","Amela Gibbs","FONASA","Huechuraba","Santiago I"),("8.976.245-6","Athena Clark","ISAPRE","Cerrillos"," Santiago III"),("20.780.939-K","Dieter Gonzalez","ISAPRE","Pudahuel","Santiago I"),("6.399.275-5","Venus Phillips","FONASA","La Granja","Santiago V"),("46.245.910-6","Shad Collins","FONASA","El Bosque","Santiago VI"),("22.752.113-9","Lunea Zimmerman","FONASA","La Reina","Santiago IV"),("19.597.486-1","Dean Bryan","ISAPRE","La Cisterna","Santiago VI"),("7.805.969-9","Daphne Sims","FONASA","Pedro Aguirre Cerda","Santiago VI");
INSERT INTO `Paciente` (`rut`,`nombre`,`sistema`,`comuna`,`distrito`) VALUES ("14.247.118-3","Imogene Pacheco","ISAPRE","Puente Alto","Cordillera"),("18.517.441-7","Mari Navarro","FONASA","Cerrillos"," Santiago III"),("31.487.117-0","Wallace Bernard","ISAPRE","Pudahuel","Santiago I"),("15.190.818-7","Victoria Hunter","FONASA","San Miguel","Santiago VI"),("36.541.132-8","Ayanna Hahn","FONASA","Las Condes","Santiago IV"),("41.131.862-1","Illiana Travis","FONASA","Macul","Santiago V"),("21.259.729-5","Drake Snider","FONASA","San Ramon","Santiago VI"),("26.493.465-6","Kevyn Zimmerman","FONASA","San Miguel","Santiago VI"),("44.427.477-8","Bruce Todd","ISAPRE","Independencia","Santiago II"),("26.840.369-8","Aurelia Heath","FONASA","Macul","Santiago V");
INSERT INTO `Paciente` (`rut`,`nombre`,`sistema`,`comuna`,`distrito`) VALUES ("27.023.942-0","Giselle Robertson","FONASA","La Reina","Santiago IV"),("10.454.884-9","Stewart Avery","FONASA","Pedro Aguirre Cerda","Santiago VI"),("25.375.859-7","Roanna Burns","ISAPRE","Puente Alto","Cordillera"),("20.216.983-K","Lois Figueroa","ISAPRE","Lo Barnechea","Santiago IV"),("30.260.303-0","Darius Ewing","FONASA","Vitacura","Santiago IV"),("27.251.143-8","Belle Velez","FONASA","Las Condes","Santiago IV"),("6.263.243-7","Claire Riggs","ISAPRE","La Pintana","Santiago VI"),("11.663.269-1","Simon Fry","FONASA","Santiago","Santiago II"),("24.303.863-4","Dora Huff","ISAPRE","San Miguel","Santiago VI"),("8.887.535-4","Ocean Trevino","ISAPRE","Renca","Santiago I");
INSERT INTO `Paciente` (`rut`,`nombre`,`sistema`,`comuna`,`distrito`) VALUES ("44.421.452-K","Kyra Clements","ISAPRE","San Ramon","Santiago VI"),("30.673.225-0","Inez Fox","FONASA","La Pintana","Santiago VI"),("28.325.408-9","Charles Browning","FONASA","La Reina","Santiago IV"),("40.520.902-0","Raya Wallace","FONASA","Nunoa","Santiago IV"),("35.881.693-2","Oliver Vasquez","FONASA","Penalolen","Santiago V"),("12.829.128-8","Hamilton Bass","FONASA","Providencia","Santiago IV"),("26.228.451-4","Tad Raymond","ISAPRE","Cerro Navia","Santiago II"),("19.650.674-8","Ginger Terry","FONASA","El Bosque","Santiago VI"),("38.655.282-7","Joelle Charles","FONASA","Conchali","Santiago I"),("12.479.490-0","Lars Patrick","FONASA","Las Condes","Santiago IV");
INSERT INTO `Paciente` (`rut`,`nombre`,`sistema`,`comuna`,`distrito`) VALUES ("9.929.128-1","Jena Ortiz","ISAPRE","Estacion Central"," Santiago III"),("37.430.267-1","Shelby Wise","ISAPRE","Lo Barnechea","Santiago IV"),("26.490.144-8","Georgia Preston","FONASA","Recoleta","Santiago II"),("22.987.146-3","Jorden Byers","ISAPRE","La Florida","Santiago V"),("48.187.535-8","Brenna Gibson","ISAPRE","Cerrillos"," Santiago III"),("23.123.995-2","Shad Turner","FONASA","Lo Barnechea","Santiago IV"),("21.264.355-6","Isaac Oconnor","FONASA","La Granja","Santiago V"),("41.963.781-5","Elizabeth Olson","FONASA","Quilicura","Santiago I"),("8.027.595-1","Joel Collier","ISAPRE","Providencia","Santiago IV"),("14.782.960-4","Kessie Willis","ISAPRE","La Pintana","Santiago VI");


#CREAR TABLA DE ESPECIALIDADES
CREATE TABLE Especialidad
(
    especialidadId INT NOT NULL PRIMARY KEY, -- primary key column
    costo_atencion INT NOT NULL    
);
#LLENAR ESPECIALIDADES Y COSTOS
INSERT INTO `Especialidad` (`especialidadId`,`costo_atencion`) VALUES (1, 70000), (2, 50000), (3, 150000), (4, 35000), (5,15000), (6,95000),(7,430000),(8,140000),(9,65000),(10, 120000);


#CREAR TABLA DE EMPLEADOS
CREATE TABLE Empleado
(
	id int not null primary key auto_increment,
    rut varchar(20) NOT NULL, 
    nombre VARCHAR(50) NOT NULL,
    especialidadId INT NOT NULL,
    id_edificio INT NOT NULL,
    CONSTRAINT fk_edificio FOREIGN KEY (id_edificio) REFERENCES Edificio(edificioId),
    CONSTRAINT fk_especialidad FOREIGN KEY (especialidadId) REFERENCES Especialidad(especialidadId)
);
#LLENAR DE EMPLEADOS
INSERT INTO `Empleado` (`rut`,`nombre`,`id_edificio`,`especialidadId`) VALUES ("49.914.626-4","Lukas Saavedra",42,4),("24.264.178-7","Gerardo Díaz",8,10),("48.062.337-1","Abner Peña",4,2),("37.490.125-7","Paulette Ortiz",3,7),("31.006.075-5","Ariki Tapia",32,1),("11.498.994-0","Fredy Pizarro",39,3),("23.361.357-6","Fátima Saavedra",15,7),("44.389.667-8","Orlando Sánchez",41,6),("8.494.395-9","Angela Bustos",6,4),("37.243.221-7","Juanpablo Guzmán",25,9);
INSERT INTO `Empleado` (`rut`,`nombre`,`id_edificio`,`especialidadId`) VALUES ("26.222.245-4","Didier Paredes",43,8),("50.380.717-3","Ronaldo Pino",3,1),("48.116.476-1","Raquel Carvajal",42,3),("31.894.100-9","Edwin Rojas",18,7),("50.576.945-7","Giuseppe Paredes",27,8),("34.542.917-4","Leonidas Ruiz",2,9),("24.702.293-7","Anaís Parra",5,7),("32.736.048-5","Patricia Alvarado",45,8),("5.430.801-9","Mathias Aguilera",3,6),("32.447.761-6","Maicol Venegas",6,8);
INSERT INTO `Empleado` (`rut`,`nombre`,`id_edificio`,`especialidadId`) VALUES ("25.312.505-5","Monserrath Molina",32,2),("32.732.205-2","David Pizarro",14,3),("28.991.180-4","Colomba Sáez",33,1),("11.062.273-2","Pascual Pérez",24,3),("29.858.024-1","Jonas Parra",23,5),("23.446.619-4","Aranza Vargas",25,10),("6.469.315-8","Jair Castro",34,1),("36.590.777-3","Jacqueline Jara",28,2),("48.481.633-6","Matilde Guzmán",21,4),("42.648.159-6","Ornella Cárdenas",38,10);
INSERT INTO `Empleado` (`rut`,`nombre`,`id_edificio`,`especialidadId`) VALUES ("32.871.247-4","Matheo Álvarez",50,10),("44.711.583-2","Aldo Zúñiga",27,7),("23.627.279-6","Guido Henríquez",16,8),("36.344.547-0","Benjamin San Martín",5,2),("44.943.689-K","Cristobal González",11,9),("45.419.816-6","Nicholas Henríquez",28,8),("26.529.118-K","Yanela Rojas",1,2),("34.424.386-7","Brittany Guzmán",6,1),("47.538.257-9","Nataniel Valenzuela",22,3),("28.793.726-1","Liam Castillo",46,10);
INSERT INTO `Empleado` (`rut`,`nombre`,`id_edificio`,`especialidadId`) VALUES ("12.878.015-7","Cinthia Ramírez",15,6),("49.388.750-5","Arantza Sánchez",27,8),("50.062.796-4","Abrahan Yáñez",41,9),("15.886.070-8","Frank Olivares",37,8),("27.693.487-2","Scarlette Ruiz",18,6),("48.604.224-9","Vania Martínez",13,2),("34.573.564-K","Kevyn Cáceres",47,8),("16.437.152-2","Yazmin Muñoz",22,7),("18.630.436-5","Maxi Aravena",43,4),("17.960.348-9","Judith Sepúlveda",43,5);
INSERT INTO `Empleado` (`rut`,`nombre`,`id_edificio`,`especialidadId`) VALUES ("26.361.144-6","Robinson Aravena",49,2),("25.943.302-9","Yerald Bustamante",48,6),("37.476.256-7","Eric Guerrero",49,7),("10.704.123-0","Angela Contreras",28,1),("24.522.263-7","Ines Vargas",30,2),("48.519.360-K","Edson Castillo",8,4),("38.594.116-1","Gaspar Vidal",49,10),("39.506.101-1","Fiorella Hernández",14,3),("33.365.915-8","Sabrina Carrasco",3,1),("22.134.630-0","Ámbar Leiva",38,3);
INSERT INTO `Empleado` (`rut`,`nombre`,`id_edificio`,`especialidadId`) VALUES ("11.878.615-7","Augusto Riquelme",29,7),("37.036.031-6","Soledad Leiva",50,1),("32.330.294-4","Máximo Peña",30,3),("31.692.906-0","Darlin Araya",9,5),("27.633.363-1","Mikel Vega",11,4),("9.862.643-3","Maikel Ortega",43,7),("11.418.934-0","Isadora Yáñez",19,8),("14.327.614-7","Lara Vera",26,8),("14.745.551-8","Mathilda García",33,10),("21.661.024-5","Iñigo Escobar",6,4);
INSERT INTO `Empleado` (`rut`,`nombre`,`id_edificio`,`especialidadId`) VALUES ("5.272.785-5","Geremías Medina",12,4),("44.955.820-0","Madeleyn Valenzuela",22,1),("36.259.044-2","Natasha Moreno",47,10),("10.868.689-8","Caroline Pérez",27,4),("50.586.417-4","Jeremías González",20,5),("17.121.089-5","Nallely Torres",6,2),("20.061.733-9","Kenny Silva",4,1),("33.741.380-3","Abby Araya",37,3),("18.867.830-0","Stefano38 Riquelme",34,2),("15.364.758-5","Luka Tapia",21,3);
INSERT INTO `Empleado` (`rut`,`nombre`,`id_edificio`,`especialidadId`) VALUES ("26.774.016-K","Samira Gutiérrez",23,2),("18.450.807-9","Aquiles Pérez",28,5),("22.753.658-6","Edson Guzmán",37,1),("38.594.947-2","Antu Toro",7,5),("45.783.197-8","Amparo Jiménez",8,5),("44.566.647-5","Brandon Castillo",46,8),("44.910.566-4","Remigio Toro",45,7),("34.293.002-6","Fabrizio Leiva",46,2),("6.328.334-7","Camilo Jara",38,4),("22.633.470-K","Deivid Miranda",48,9);
INSERT INTO `Empleado` (`rut`,`nombre`,`id_edificio`,`especialidadId`) VALUES ("30.681.447-8","Lucas Miranda",30,3),("42.341.426-K","Selena Pérez",38,3),("15.850.079-5","Thiare Gutiérrez",5,6),("13.790.389-K","Elmer San Martín",43,8),("25.327.983-4","Cristhoper Olivares",46,9),("45.672.355-1","Denise Gómez",9,5),("36.624.544-8","Evelin Moreno",30,5),("18.233.374-3","Ervin Campos",44,5),("7.369.423-K","Melani Muñoz",31,1),("18.599.900-9","Fabiola Gutiérrez",24,10);


#CREAR TABLA DE ATENCIONES
CREATE TABLE Atencion
(
    id_paciente INT NOT NULL,
    fecha  varchar(10) NOT NULL ,
    hora varchar(10) NOT NULL ,
    id_empleado INT NOT NULL,
    PRIMARY KEY(id_paciente,id_empleado),
    CONSTRAINT fk_paciente FOREIGN KEY (id_paciente) REFERENCES Paciente(id),
    CONSTRAINT fk_medico FOREIGN KEY (id_empleado) REFERENCES Empleado(id)
);
#LLENAR ATENCIONES
INSERT INTO `Atencion` (`id_paciente`,`id_empleado`,`fecha`,`hora`) VALUES (66,44,"17/06/2019","19:00"),(127,71,"19/03/2019","20:30"),(54,98,"13/10/2018","19:30"),(184,46,"01/06/2019","10:30"),(35,76,"11/04/2019","15:00"),(154,81,"31/08/2018","11:00"),(42,97,"27/09/2018","16:30"),(50,84,"19/03/2019","15:30"),(191,34,"29/03/2019","11:00"),(165,59,"10/04/2019","13:30");
INSERT INTO `Atencion` (`id_paciente`,`id_empleado`,`fecha`,`hora`) VALUES (169,58,"11/05/2019","10:00"),(184,80,"13/09/2018","18:30"),(27,51,"03/12/2018","16:00"),(131,93,"29/06/2018","14:30"),(139,12,"16/05/2019","21:00"),(113,60,"25/03/2019","16:30"),(79,77,"24/01/2019","11:30"),(122,99,"01/09/2018","12:00"),(134,1,"27/12/2018","16:00"),(90,31,"18/10/2018","12:30");
INSERT INTO `Atencion` (`id_paciente`,`id_empleado`,`fecha`,`hora`) VALUES (151,10,"02/07/2018","20:00"),(16,5,"27/11/2018","20:30"),(6,9,"25/03/2019","12:30"),(61,62,"16/09/2018","15:00"),(74,63,"11/12/2018","18:30"),(136,9,"25/08/2018","21:30"),(32,20,"29/04/2019","15:00"),(73,46,"08/08/2018","14:00"),(29,79,"15/11/2018","18:00"),(50,12,"24/12/2018","20:00");
INSERT INTO `Atencion` (`id_paciente`,`id_empleado`,`fecha`,`hora`) VALUES (74,99,"13/05/2019","11:30"),(142,14,"03/07/2018","9:30"),(163,81,"22/11/2018","19:30"),(164,13,"08/11/2018","13:30"),(72,46,"30/04/2019","12:00"),(27,65,"08/01/2019","15:30"),(138,21,"13/01/2019","14:30"),(15,25,"14/04/2019","15:00"),(89,40,"10/02/2019","11:00"),(107,25,"31/12/2018","21:30");
INSERT INTO `Atencion` (`id_paciente`,`id_empleado`,`fecha`,`hora`) VALUES (146,67,"18/08/2018","13:00"),(129,39,"09/06/2019","14:30"),(40,64,"11/01/2019","17:00"),(190,12,"20/04/2019","16:30"),(59,99,"24/12/2018","16:30"),(22,76,"10/02/2019","13:00"),(146,27,"10/11/2018","10:00"),(53,72,"26/05/2019","14:00"),(87,32,"14/01/2019","14:00"),(197,71,"18/12/2018","19:00");
INSERT INTO `Atencion` (`id_paciente`,`id_empleado`,`fecha`,`hora`) VALUES (111,65,"25/01/2019","17:30"),(93,54,"26/08/2018","18:00"),(199,70,"13/12/2018","18:30"),(44,71,"23/04/2019","19:00"),(62,96,"22/12/2018","14:00"),(64,9,"20/05/2019","16:30"),(125,27,"13/04/2019","21:00"),(94,86,"03/10/2018","18:00"),(126,53,"14/04/2019","14:00"),(199,89,"16/04/2019","14:30");
INSERT INTO `Atencion` (`id_paciente`,`id_empleado`,`fecha`,`hora`) VALUES (188,45,"16/04/2019","10:00"),(82,13,"24/10/2018","9:30"),(139,64,"16/05/2019","14:30"),(125,64,"12/10/2018","20:30"),(132,71,"30/09/2018","16:00"),(122,71,"21/08/2018","18:00"),(97,8,"29/07/2018","13:30"),(140,23,"21/04/2019","12:30"),(91,18,"18/10/2018","13:30"),(54,1,"06/11/2018","19:00");
INSERT INTO `Atencion` (`id_paciente`,`id_empleado`,`fecha`,`hora`) VALUES (69,86,"28/12/2018","20:00"),(136,29,"24/08/2018","13:00"),(65,59,"04/01/2019","21:00"),(125,11,"05/08/2018","14:00"),(164,39,"18/06/2019","9:30"),(24,16,"07/06/2019","16:30"),(43,84,"19/03/2019","9:00"),(124,59,"18/04/2019","11:00"),(118,35,"26/08/2018","12:30"),(154,26,"11/01/2019","13:30");
INSERT INTO `Atencion` (`id_paciente`,`id_empleado`,`fecha`,`hora`) VALUES (115,50,"13/03/2019","12:00"),(168,28,"10/07/2018","10:30"),(148,14,"06/04/2019","10:00"),(171,44,"30/07/2018","21:30"),(46,35,"23/04/2019","10:00"),(52,100,"25/07/2018","11:30"),(7,39,"24/03/2019","10:30"),(153,48,"05/08/2018","19:00"),(165,97,"11/06/2019","14:00"),(181,48,"04/02/2019","21:00");
INSERT INTO `Atencion` (`id_paciente`,`id_empleado`,`fecha`,`hora`) VALUES (13,97,"14/04/2019","15:00"),(49,35,"02/02/2019","11:30"),(154,55,"28/12/2018","18:30"),(184,63,"08/10/2018","9:00"),(140,70,"12/09/2018","10:00"),(123,22,"14/03/2019","20:30"),(39,67,"13/06/2019","10:30"),(94,63,"26/07/2018","10:30"),(50,38,"15/06/2019","12:00"),(50,28,"11/04/2019","18:30");
INSERT INTO `Atencion` (`id_paciente`,`id_empleado`,`fecha`,`hora`) VALUES (147,77,"14/12/2018","21:00"),(176,45,"13/09/2018","11:30"),(165,12,"15/10/2018","19:00"),(74,24,"13/03/2019","16:00"),(98,63,"06/03/2019","16:00"),(160,100,"31/07/2018","16:00"),(18,71,"19/12/2018","10:00"),(128,22,"21/02/2019","13:00"),(35,72,"09/06/2019","19:30"),(105,100,"12/11/2018","16:00");
INSERT INTO `Atencion` (`id_paciente`,`id_empleado`,`fecha`,`hora`) VALUES (132,7,"05/11/2018","18:00"),(20,96,"16/11/2018","11:30"),(68,93,"27/05/2019","10:30"),(199,64,"30/05/2019","12:00"),(109,34,"09/05/2019","9:00"),(50,44,"21/01/2019","17:30"),(139,53,"26/07/2018","18:00"),(83,30,"27/09/2018","10:30"),(69,26,"18/02/2019","16:30"),(60,60,"11/04/2019","10:30");
INSERT INTO `Atencion` (`id_paciente`,`id_empleado`,`fecha`,`hora`) VALUES (41,35,"14/04/2019","13:30"),(137,41,"05/07/2018","13:30"),(21,80,"15/06/2019","16:00"),(78,13,"16/11/2018","10:00"),(196,66,"04/08/2018","21:00"),(182,95,"25/04/2019","19:00"),(2,77,"30/04/2019","19:00"),(29,43,"05/10/2018","12:00"),(15,85,"21/01/2019","9:00"),(109,20,"07/06/2019","16:30");
INSERT INTO `Atencion` (`id_paciente`,`id_empleado`,`fecha`,`hora`) VALUES (153,92,"12/10/2018","16:00"),(155,67,"05/08/2018","10:00"),(7,96,"23/04/2019","19:00"),(80,84,"16/12/2018","14:30"),(173,41,"13/08/2018","15:00"),(155,94,"02/05/2019","13:00"),(111,37,"26/10/2018","14:30"),(187,60,"09/01/2019","20:30"),(32,50,"17/10/2018","14:30"),(87,57,"13/08/2018","12:30");
INSERT INTO `Atencion` (`id_paciente`,`id_empleado`,`fecha`,`hora`) VALUES (11,71,"25/12/2018","16:00"),(132,59,"25/10/2018","17:30"),(172,73,"30/11/2018","20:30"),(92,22,"14/08/2018","16:30"),(196,89,"16/06/2019","11:00"),(178,100,"09/12/2018","13:00"),(51,65,"07/02/2019","20:00"),(130,42,"20/09/2018","18:00"),(130,18,"18/04/2019","11:30"),(154,52,"08/01/2019","19:00");
INSERT INTO `Atencion` (`id_paciente`,`id_empleado`,`fecha`,`hora`) VALUES (60,90,"26/04/2019","10:00"),(71,60,"23/09/2018","20:00"),(46,15,"29/05/2019","17:30"),(191,45,"29/04/2019","18:30"),(179,46,"28/12/2018","12:00"),(19,90,"02/07/2018","12:30"),(186,31,"29/08/2018","9:00"),(82,49,"27/01/2019","20:00"),(92,45,"13/05/2019","10:30"),(43,96,"02/04/2019","20:30");
INSERT INTO `Atencion` (`id_paciente`,`id_empleado`,`fecha`,`hora`) VALUES (73,63,"08/03/2019","17:00"),(79,81,"19/08/2018","12:30"),(22,30,"03/06/2019","17:00"),(175,2,"22/03/2019","20:00"),(141,53,"02/08/2018","11:30"),(73,69,"05/12/2018","12:30"),(127,23,"11/07/2018","15:00"),(81,60,"10/10/2018","21:30"),(88,100,"07/10/2018","19:30"),(150,11,"07/06/2019","17:30");
INSERT INTO `Atencion` (`id_paciente`,`id_empleado`,`fecha`,`hora`) VALUES (159,77,"29/07/2018","9:30"),(44,79,"02/05/2019","16:00"),(15,29,"13/11/2018","10:00"),(74,78,"25/09/2018","13:00"),(168,17,"11/10/2018","14:00"),(96,48,"04/08/2018","20:30"),(160,69,"12/05/2019","17:30"),(76,88,"14/11/2018","12:30"),(185,37,"10/11/2018","18:30"),(108,16,"02/09/2018","16:00");
INSERT INTO `Atencion` (`id_paciente`,`id_empleado`,`fecha`,`hora`) VALUES (181,38,"07/03/2019","16:00"),(37,41,"08/11/2018","19:30"),(64,55,"30/12/2018","20:30"),(99,91,"22/11/2018","13:30"),(100,71,"09/08/2018","19:00"),(187,25,"21/01/2019","19:00"),(39,55,"24/08/2018","20:30"),(99,65,"30/03/2019","16:30"),(165,33,"06/03/2019","16:30"),(66,89,"01/04/2019","20:00");
INSERT INTO `Atencion` (`id_paciente`,`id_empleado`,`fecha`,`hora`) VALUES (161,57,"11/07/2018","16:00"),(51,75,"17/12/2018","10:30"),(198,86,"27/02/2019","13:30"),(147,29,"23/02/2019","10:30"),(111,72,"27/02/2019","16:00"),(149,58,"15/06/2019","19:00"),(199,72,"31/05/2019","16:30"),(118,1,"18/10/2018","10:30"),(65,97,"14/02/2019","15:30"),(71,68,"17/01/2019","10:30");



